{
	"dataStore":{
		"dbPath":"data",
		"backupPath":"backup",
		"syncTempPath":"sync",
		"storeMemoryLimit":"1024MB",
		"storeWarmStart":false,
		"storeCompressionMode":"NO_COMPRESSION",
		"concurrency":4,
		"logWriteMode":1,
		"persistencyMode":"NORMAL",
		"affinityGroupSize":4,
		"autoExpire":false
	},
	"checkpoint":{
		"checkpointInterval":"60s",
		"checkpointMemoryLimit":"1024MB",
		"useParallelMode":false
	},
	"cluster":{
		"servicePort":10010
	},
	"sync":{
		"servicePort":10020
	},
	"system":{
		"servicePort":10040,
		"eventLogPath":"log"
	},
	"transaction":{
		"servicePort":10001,
		"connectionLimit":5000
	},
	"sql":{
		"servicePort":20001,
		"storeSwapFilePath":"swap",
		"storeSwapSyncSize":"1024MB",
		"storeMemoryLimit":"1024MB",
		"workMemoryLimit":"32MB",
		"workCacheMemory":"128MB",
		"connectionLimit":5000,
		"concurrency":4
	},
	"trace":{
		"default":"LEVEL_ERROR",
		"dataStore":"LEVEL_ERROR",
		"collection":"LEVEL_ERROR",
		"timeSeries":"LEVEL_ERROR",
		"chunkManager":"LEVEL_ERROR",
		"objectManager":"LEVEL_ERROR",
		"checkpointFile":"LEVEL_ERROR",
		"checkpointService":"LEVEL_INFO",
		"logManager":"LEVEL_WARNING",
		"clusterService":"LEVEL_ERROR",
		"syncService":"LEVEL_ERROR",
		"systemService":"LEVEL_INFO",
		"transactionManager":"LEVEL_ERROR",
		"transactionService":"LEVEL_ERROR",
		"transactionTimeout":"LEVEL_WARNING",
		"triggerService":"LEVEL_ERROR",
		"sessionTimeout":"LEVEL_WARNING",
		"replicationTimeout":"LEVEL_WARNING",
		"recoveryManager":"LEVEL_INFO",
		"sqlService":"LEVEL_WARNING",
		"eventEngine":"LEVEL_WARNING",
		"clusterOperation":"LEVEL_INFO",
		"ioMonitor":"LEVEL_WARNING"
	}
}
